SPAC1002.03c,-0.028520038022206352
SPAC1002.13c,0.8094272318960145
SPAC1002.15c,0.6529365386275248
SPAC1002.18,0.16399527900632135
SPAC1006.01,0.8998395111962283
SPAC1006.05c,0.053784614670652285
SPAC1006.06,0.946922019108508
SPAC1039.02,0.8199144819785082
SPAC1039.11c,0.8459631445881844
SPAC1071.08,0.3839352157128987
SPAC1071.10c,0.9392838516219174
SPAC1071.12c,0.5006935532664211
SPAC10F6.01c,0.29107786245434175
SPAC10F6.03c,0.3095697187251195
SPAC10F6.05c,0.874441019069657
SPAC10F6.10,0.6715954150227552
SPAC10F6.11c,0.8349157182692917
SPAC10F6.14c,-0.3268067825917397
SPAC10F6.16,0.30753239074854233
SPAC110.03,0.7063866945232473
SPAC1142.08,0.8709433745648908
SPAC11D3.01c,0.9891929835929127
SPAC11D3.02c,0.6722780249422322
SPAC11E3.07,0.8049003733057336
SPAC11E3.13c,0.5403925352179675
SPAC11E3.15,0.6287496372484985
SPAC11G7.01,0.653629617403622
SPAC11H11.01,0.21800665643483635
SPAC11H11.06,0.818316885151986
SPAC1250.05,0.6503089712582336
SPAC1296.01c,0.25747253483453625
SPAC1296.03c,-0.09218597628885182
SPAC1296.05c,0.7473420432363831
SPAC12B10.03,0.8440419308670847
SPAC12B10.10,0.8885954153257034
SPAC12B10.16c,0.8702749277410109
SPAC12G12.06c,0.4534734778578976
SPAC12G12.07c,0.6803781963533345
SPAC12G12.08,-0.3755698294470968
SPAC12G12.09,0.6794251163023479
SPAC12G12.12,0.5433495100033118
SPAC139.05,-0.04718352859213186
SPAC139.06,0.5388306299162625
SPAC13A11.01c,0.7506684736242119
SPAC13A11.06,0.9297625124362704
SPAC13D6.03c,0.4170160134259433
SPAC13D6.05,0.7294877374828921
SPAC13F5.03c,0.758514491051788
SPAC13F5.04c,0.8568384533892924
SPAC13F5.05,0.6239066241307727
SPAC13G6.02c,0.6098164356306525
SPAC13G6.07c,0.6641763642368927
SPAC13G6.11c,0.8396345411174307
SPAC13G7.05,0.6587861093221034
SPAC13G7.08c,0.8128042659023131
SPAC13G7.11,-0.2831025699869363
SPAC144.02,0.6133198174563887
SPAC144.12,0.3727061195209533
SPAC144.14,0.8664615109564775
SPAC1486.01,0.7434189740227926
SPAC1486.04c,0.27417084795240476
SPAC1486.05,0.31926024451365603
SPAC1486.07c,0.29154833223154136
SPAC14C4.01c,0.8847129437404198
SPAC14C4.05c,0.8288369456277433
SPAC1527.01,0.9120035757216903
SPAC1556.04c,0.6422971577573422
SPAC1565.01,0.8626713474592059
SPAC1565.04c,0.4983758668129194
SPAC15A10.04c,0.09435337842209347
SPAC15A10.05c,0.8803628948288607
SPAC15A10.07,0.835492914528207
SPAC15A10.13,0.7104703209230605
SPAC15A10.16,0.8130533473088777
SPAC15E1.02c,0.6700360484334767
SPAC15E1.03,0.6393169984415771
SPAC15E1.06,0.4480463371086879
SPAC15E1.08,0.5872772529752652
SPAC15E1.09,0.648435799048044
SPAC15E1.10,0.7718309967846958
SPAC16.01,0.8740391239624856
SPAC16.02c,0.5036572470038084
SPAC1610.02c,-0.9207670060431428
SPAC1610.03c,0.7220366874847959
SPAC1610.04,0.5831102220723615
SPAC1639.01c,0.7613672643295075
SPAC167.01,0.19920788861580938
SPAC167.06c,0.8062938208788798
SPAC1687.05,0.8421338847399591
SPAC1687.06c,0.5585537601475169
SPAC1687.07,0.3580453863689405
SPAC1687.09,0.7579853102246612
SPAC1687.19c,-0.10909091528089815
SPAC1687.21,0.763902253120734
SPAC16A10.04,0.3555357452722165
SPAC16A10.06c,0.8765315833431985
SPAC16C9.01c,0.6661743295059648
SPAC16C9.02c,-0.10837549043699023
SPAC16C9.07,0.813732089491782
SPAC16E8.10c,0.8695317999597874
SPAC16E8.13,0.8020588909396386
SPAC16E8.15,0.5832571899145198
SPAC1705.03c,0.7823433616511327
SPAC1782.01,0.7243584217949091
SPAC1782.06c,0.5950633126265464
SPAC1782.09c,0.9395374347209051
SPAC1782.11,0.8846955364586635
SPAC1783.08c,0.8039867587690045
SPAC1786.01c,0.5716299348391134
SPAC1786.03,0.3924672631941098
SPAC17A2.14,0.2531181100570429
SPAC17A5.01,0.10970243994399839
SPAC17A5.12,0.6909813805493595
SPAC17A5.14,0.8545083982699015
SPAC17A5.15c,0.24028797718511802
SPAC17A5.16,0.737304642948868
SPAC17C9.03,0.7102336538528855
SPAC17C9.11c,0.7152647809725314
SPAC17C9.12,0.6920108220369194
SPAC17C9.14,0.5410092669198794
SPAC17G6.07c,0.8959158323817548
SPAC17G6.10,0.842033945579104
SPAC17G6.11c,0.8441379299846393
SPAC17G6.13,0.7440979343006459
SPAC17G6.14c,0.5877862770808158
SPAC17G8.02,0.6864202021320173
SPAC17G8.04c,0.846364432430284
SPAC17G8.08c,0.4933675653550467
SPAC17G8.09,0.3118394630143671
SPAC17G8.10c,0.9551933308836154
SPAC17G8.12,0.9422516494975129
SPAC17G8.14c,0.8942957747714243
SPAC17H9.05,0.5788273507811255
SPAC17H9.11,0.7770453584956271
SPAC17H9.13c,0.9038502430048221
SPAC17H9.16,-0.6750007954609403
SPAC1805.05,0.7473387629926597
SPAC1805.06c,0.5614502092434921
SPAC1805.11c,0.7576103404078474
SPAC1805.13,0.6915243430616689
SPAC1805.16c,0.8776188238112239
SPAC1834.02,0.6675841872261457
SPAC1834.06c,0.754250197696764
SPAC1851.02,0.44103483106980235
SPAC1851.03,0.10182356050821806
SPAC1851.04c,0.5220451212843318
SPAC18B11.04,0.7949138462597531
SPAC18G6.01c,0.4063689395859934
SPAC18G6.04c,0.85776084361834
SPAC18G6.05c,0.8959628445550754
SPAC18G6.12c,0.6753254895830734
SPAC18G6.14c,0.6997576977612981
SPAC1952.03,0.8663318289806108
SPAC1952.08c,0.5726610574121048
SPAC1952.12c,0.6946886697814099
SPAC1952.13,0.49877254387347153
SPAC1952.14c,0.1595132505434719
SPAC1952.17c,0.9010646102181918
SPAC19A8.03,0.3415613857370348
SPAC19A8.04,0.5808337316690116
SPAC19A8.08,0.5291897752102733
SPAC19A8.15,0.8689203827336137
SPAC19B12.02c,0.6705570055205274
SPAC19B12.08,0.8176472388867538
SPAC19D5.02c,0.3055901777634892
SPAC19D5.04,0.31157693219539634
SPAC19G12.03,0.46875614007279176
SPAC19G12.11,0.6821813180978779
SPAC19G12.14,0.6897233375743702
SPAC19G12.15c,0.5643643797768328
SPAC1A6.09c,0.2358808783823242
SPAC1A6.10,0.43828644454376836
SPAC1B1.02c,0.583342305303947
SPAC1B2.02c,0.6615547403520079
SPAC1B2.03c,0.7377083469218784
SPAC1B3.09c,0.49143086193385543
SPAC1B3.10c,0.40388689932727173
SPAC1B3.12c,0.9129791432847942
SPAC1B3.20,0.7412204026273305
SPAC1B9.02c,0.3976590452542758
SPAC1D4.04,0.7149322775258049
SPAC1D4.09c,0.560993720795888
SPAC1D4.12,0.08141002536957491
SPAC1F12.08,-0.12720066126142773
SPAC1F3.06c,0.8767587953981524
SPAC1F3.07c,0.43868346663660224
SPAC1F5.07c,-0.834060496658662
SPAC1F7.03,0.9448561107218464
SPAC1F7.10,0.7012152193544502
SPAC1F8.05,0.667724173119629
SPAC20G4.01,-0.217828173041564
SPAC20G4.05c,0.7884847110371578
SPAC20G8.03,0.23852434288715166
SPAC20G8.04c,0.3689786969734152
SPAC20G8.05c,0.23697039773401965
SPAC20G8.06,0.49904507395111
SPAC20G8.10c,0.8680900154928577
SPAC20H4.05c,0.5101550645606981
SPAC21E11.05c,0.8443902684447763
SPAC21E11.06,0.7404066586074977
SPAC21E11.08,0.7406953127053766
SPAC222.03c,0.34416097668078194
SPAC222.08c,0.3612469157056362
SPAC222.09,0.6039323055315979
SPAC227.02c,0.679668373166086
SPAC227.05,0.7769559952407822
SPAC227.09,0.557179496234828
SPAC227.13c,0.8729475727323113
SPAC227.15,0.6962964647527714
SPAC227.18,0.5288232768060446
SPAC22A12.12c,0.8119671835888965
SPAC22A12.16,0.27154682882345305
SPAC22E12.02,0.15648747440870286
SPAC22E12.16c,0.67778955098301
SPAC22E12.19,0.3769703054564134
SPAC22F3.04,0.8605246712274208
SPAC22F8.10c,0.7553938654408404
SPAC22G7.02,0.5315606819535984
SPAC22G7.10,0.7231167286786641
SPAC22G7.11c,0.9168309080515271
SPAC22H10.05c,0.202125362744455
SPAC22H10.11c,0.5618511803203053
SPAC22H10.12c,0.6652206302905247
SPAC22H12.04c,0.7276946432070286
SPAC23A1.03,-0.013448511071600252
SPAC23A1.05,0.8709015265459928
SPAC23A1.09,0.722634281016079
SPAC23A1.14c,0.7083582197719259
SPAC23A1.15c,0.872605122121391
SPAC23A1.17,0.74347029032376
SPAC23C11.03,-0.10876360800016582
SPAC23C11.04c,0.8699094701896056
SPAC23C11.06c,0.8766831507865053
SPAC23C11.11,0.6439589865660253
SPAC23C11.14,0.497192054178286
SPAC23C11.15,0.38082993964261636
SPAC23C4.02,0.6578800680938817
SPAC23C4.08,0.677766152742262
SPAC23C4.13,0.6966626885793417
SPAC23C4.14,0.6364087777866652
SPAC23C4.17,0.27216811138731245
SPAC23D3.03c,0.5650460457089128
SPAC23D3.04c,0.031594752282152014
SPAC23D3.06c,0.7295149538504853
SPAC23D3.10c,0.5533967349223966
SPAC23D3.11,0.5058359540078808
SPAC23D3.14c,0.8670538833074343
SPAC23G3.01,0.9261440853293672
SPAC23G3.03,0.741773981577917
SPAC23G3.10c,0.8550549863986081
SPAC23H3.15c,0.8054933737634472
SPAC23H4.01c,0.4721616021659172
SPAC23H4.09,0.11969021247402213
SPAC23H4.10c,0.9106062226551964
SPAC24B11.05,0.40492828795359986
SPAC24B11.09,-0.11916493427269928
SPAC24B11.11c,0.6957496656920981
SPAC24C9.03,0.8389386094151515
SPAC24C9.05c,0.6119210124449428
SPAC24C9.07c,0.7671239932467985
SPAC24C9.08,0.7865383200735981
SPAC24C9.12c,0.7639211363909393
SPAC24C9.14,0.7292934217340793
SPAC24C9.15c,0.9666973162761713
SPAC24H6.04,0.589118116103611
SPAC24H6.07,0.7752894654340038
SPAC24H6.11c,0.15345737203340484
SPAC25A8.01c,0.7044698741230365
SPAC25B8.01,0.8897819381556186
SPAC25B8.04c,0.8338196173811396
SPAC25B8.06c,0.7615775807211039
SPAC25B8.07c,-0.11338738284428267
SPAC25B8.09,0.6423846945739813
SPAC25B8.12c,0.46876234043351145
SPAC25B8.18,0.8318859433176664
SPAC25G10.05c,0.6672491456788893
SPAC25G10.07c,0.4724910848366873
SPAC25G10.08,0.7068171366729015
SPAC25H1.07,0.7544317037811736
SPAC25H1.08c,-0.16347769148597016
SPAC25H1.09,0.854355279285847
SPAC26A3.05,0.4716664371292587
SPAC26A3.11,0.7521862341646405
SPAC26A3.15c,0.5758055770505508
SPAC26F1.01,0.26537219270127993
SPAC26F1.04c,0.9190299874290998
SPAC26F1.14c,0.7253810110471702
SPAC26H5.04,0.7972811523947453
SPAC26H5.07c,0.4606076436597322
SPAC26H5.10c,0.7635017962360159
SPAC26H5.11,0.532519933835542
SPAC27D7.03c,0.8511667617352947
SPAC27D7.04,0.7374291866027602
SPAC27D7.09c,0.26327991724007205
SPAC27D7.11c,4.61833059233693e-05
SPAC27E2.02,0.31401229705384154
SPAC27E2.03c,0.02896432558584215
SPAC27E2.05,0.7699457457741709
SPAC29A4.02c,-0.21351393093302698
SPAC29A4.03c,0.6358532624317642
SPAC29A4.05,0.90204478226455
SPAC29A4.12c,0.9418904551493705
SPAC29A4.16,0.7240365141319998
SPAC29B12.04,0.434611634804333
SPAC29E6.05c,0.6743376138164405
SPAC2C4.05,0.5963545432250074
SPAC2C4.06c,0.5405488665424308
SPAC2C4.14c,0.7854695263136335
SPAC2E1P3.01,0.9105337806246694
SPAC2E1P5.04c,0.2839355277303869
SPAC2F3.05c,0.5743613925917712
SPAC2F3.09,0.7690825253669601
SPAC2F3.11,0.7658593132686032
SPAC2F7.05c,0.4891019463446503
SPAC2F7.06c,0.4928205379126715
SPAC2F7.14c,0.523815532532621
SPAC2F7.15,0.5458015297959291
SPAC2F7.16c,0.7143362128148345
SPAC2G11.07c,0.7172591482273437
SPAC2G11.15c,0.5231710307239212
SPAC30C2.04,0.8213337368515949
SPAC30C2.06c,0.3249843817330736
SPAC30D11.01c,0.2336943567985745
SPAC30D11.09,0.581795755222
SPAC30D11.12,0.7061509100132476
SPAC31A2.03,0.2307981033135387
SPAC31A2.05c,0.30189668748217524
SPAC31A2.12,0.7609866307309999
SPAC31A2.15c,0.4934157232847626
SPAC31F12.01,0.7673134597890725
SPAC31G5.08,0.9023208592046084
SPAC31G5.09c,0.7933170392911859
SPAC31G5.14,0.4461912462434715
SPAC31G5.17c,0.7831981605195267
SPAC323.04,0.6946103961164303
SPAC323.06c,0.7001289237584691
SPAC323.07c,0.16615496192077558
SPAC328.04,0.9486873860838946
SPAC328.10c,0.7099692978588172
SPAC32A11.02c,0.9828803643560148
SPAC32A11.04c,0.4109155165168867
SPAC343.01c,0.5788160466761966
SPAC343.02,-0.15152809153082433
SPAC343.04c,0.634496348365077
SPAC343.05,0.8643296634024362
SPAC343.06c,0.3991535870518158
SPAC343.07,0.8732361398728659
SPAC343.11c,0.7169891351724761
SPAC343.12,0.9548018781909066
SPAC343.14c,-0.18531384385226182
SPAC343.16,0.8063822393187082
SPAC343.19,0.6170919298929006
SPAC3A11.02,0.8755388474823295
SPAC3A11.07,0.5659946837672394
SPAC3A11.10c,0.6539892229690549
SPAC3A11.12c,0.6328045199798773
SPAC3A12.08,0.7876758795642586
SPAC3A12.14,0.5132677736982645
SPAC3C7.02c,0.9576811140960956
SPAC3C7.05c,0.6201565640137916
SPAC3C7.08c,0.45815349993062504
SPAC3C7.12,0.016373537567115015
SPAC3C7.13c,0.7343123420043891
SPAC3F10.07c,0.8772828389208233
SPAC3G6.03c,0.5779115871357566
SPAC3G6.08,0.7251780848218028
SPAC3G6.09c,0.017028659057088523
SPAC3G9.07c,0.8167499998576611
SPAC3G9.09c,0.8153688970647369
SPAC3G9.11c,0.517686095244551
SPAC3H1.07,0.6618425325064464
SPAC3H5.06c,0.6237226656631555
SPAC3H5.07,0.7879476955131861
SPAC3H5.10,0.6760278044697734
SPAC3H5.11,0.8470669677070709
SPAC3H8.02,-0.3058670008153307
SPAC3H8.03,-0.10980597047006543
SPAC3H8.10,0.8158875576039887
SPAC458.02c,0.5369629171170157
SPAC458.05,0.52399024972579
SPAC4A8.02c,0.6744315787478511
SPAC4A8.06c,0.6753788227068236
SPAC4A8.07c,0.8814899482911753
SPAC4A8.11c,0.8401052251924476
SPAC4A8.16c,0.7300324300608173
SPAC4C5.01,0.4375095415543746
SPAC4C5.02c,0.7055686583781352
SPAC4C5.03,0.7186583174379088
SPAC4D7.06c,0.34950911902170706
SPAC4F10.08,0.9719200409576352
SPAC4F10.10c,0.735595896768268
SPAC4F10.14c,0.6031062888347367
SPAC4F10.15c,0.41280508487885503
SPAC4F10.17,0.8856428182496404
SPAC4F8.02c,0.5101947369191117
SPAC4F8.06,0.6276563471863662
SPAC4F8.07c,0.6838068243630959
SPAC4F8.14c,0.852207669642686
SPAC4G8.05,0.7663992157684874
SPAC4G8.07c,-0.38285516544634723
SPAC4G8.09,-0.013903289472931851
SPAC4G8.10,0.9255381013454803
SPAC4G9.02,0.8428785972338774
SPAC4G9.03,0.821518476368668
SPAC4G9.05,0.5264037331659297
SPAC4G9.10,0.07866990724911341
SPAC4G9.11c,0.8976820864555295
SPAC4G9.12,0.8158944817493128
SPAC4G9.16c,0.7220551787094133
SPAC4H3.03c,0.8706166277511832
SPAC4H3.04c,0.6153645233673359
SPAC4H3.10c,0.5566513655276818
SPAC4H3.11c,0.8643093526793603
SPAC513.02,0.8473035944973748
SPAC513.05,0.5665760497365829
SPAC513.06c,0.6957172158788149
SPAC521.05,0.7461211253565406
SPAC56E4.02c,0.8855914150377021
SPAC56F8.03,0.39856292816015104
SPAC56F8.05c,-0.2627499701925506
SPAC57A10.03,0.6836858315619846
SPAC57A10.07,0.3689260785045166
SPAC57A10.08c,0.4160856815163654
SPAC57A10.12c,-0.06221384999858993
SPAC57A7.08,0.871925988061944
SPAC57A7.12,0.9287682283138455
SPAC589.04,0.7887052450763117
SPAC589.06c,0.6404583135831436
SPAC5D6.04,0.5811254600358646
SPAC5D6.09c,0.8734231410834448
SPAC5H10.08c,0.48223809859615735
SPAC5H10.10,0.3316496642983012
SPAC607.08c,0.7340793044764724
SPAC630.05,0.6710796563825708
SPAC630.09c,0.7339294195900572
SPAC630.11,0.4774552474829836
SPAC630.13c,0.8301612015337675
SPAC631.02,0.7858805966610991
SPAC637.03,0.7523493261355022
SPAC637.04,0.6724693670090134
SPAC637.05c,0.92307603027862
SPAC637.06,0.8485148318377367
SPAC637.07,0.8476836062416753
SPAC637.13c,0.8080378889450277
SPAC644.05c,0.7410422750914137
SPAC644.12,0.6322509828987074
SPAC644.15,0.579332207062824
SPAC644.16,0.45645196798087617
SPAC644.17c,0.58446800337237
SPAC664.01c,-0.38153315201201476
SPAC664.03,0.7476339217538897
SPAC664.05,0.7232805247835342
SPAC664.09,0.6369737810975568
SPAC664.10,0.8024858171326313
SPAC688.03c,0.30361422696959295
SPAC688.04c,0.763373097464435
SPAC688.07c,0.7981327909593068
SPAC688.09,0.062129253375670206
SPAC688.11,0.7318004011865844
SPAC688.13,0.7311055250793351
SPAC6B12.04c,0.45787185767032706
SPAC6B12.08,0.8018085747229283
SPAC6B12.10c,0.6129246541786951
SPAC6B12.12,-0.6469544284856886
SPAC6C3.02c,0.7185051670498199
SPAC6C3.06c,0.6925569397984972
SPAC6F12.03c,-0.05952326504648204
SPAC6F12.04,0.43329620398115565
SPAC6F12.05c,0.8424381684175763
SPAC6F12.10c,0.5291122082053679
SPAC6F12.12,0.6471374670522269
SPAC6F12.13c,0.6128540873998514
SPAC6F6.05,0.7873293563124932
SPAC6F6.07c,0.7274518591328843
SPAC6F6.10c,0.7255781815029051
SPAC6F6.12,0.7195295052523555
SPAC6G10.03c,0.7783312826450212
SPAC6G10.07,0.5307838375843419
SPAC6G9.03c,0.6595431895710286
SPAC6G9.06c,0.8459369245907166
SPAC6G9.07c,0.825039498677167
SPAC6G9.10c,0.424508611573271
SPAC6G9.11,0.6189388070244376
SPAC6G9.14,0.7330218243811877
SPAC7D4.10,0.7989878508317989
SPAC7D4.12c,0.18595093092286433
SPAC806.02c,0.4327503132460602
SPAC806.03c,0.6970751298281214
SPAC806.04c,0.7288142907274084
SPAC806.06c,0.2947168182868802
SPAC806.07,0.7612351188379447
SPAC821.05,0.39994325540646497
SPAC821.06,0.9344563725937403
SPAC821.11,-0.3023896769255523
SPAC821.13c,0.5711202571457967
SPAC823.03,0.33591122165299364
SPAC824.07,0.5772788662244619
SPAC869.09,0.972444101074912
SPAC890.02c,0.6186892652064209
SPAC8C9.03,0.8384116268435214
SPAC8C9.04,0.5831959912017682
SPAC8C9.05,0.6467762769857225
SPAC8C9.15c,0.5861563623061032
SPAC8C9.16c,0.6888453861814711
SPAC8E11.02c,0.12442233707534725
SPAC8E11.03c,0.8766277372796782
SPAC8E11.05c,0.7860457925657254
SPAC8F11.08c,0.8354548065226086
SPAC8F11.10c,0.9537465529827006
SPAC9.09,0.8514593042008355
SPAC9.10,0.7149223843336977
SPAC9.12c,0.36303737580932
SPAC922.04,0.8008048933145105
SPAC922.07c,0.5653960609379898
SPAC926.03,0.5009860390981551
SPAC926.09c,0.7664356272284754
SPAC959.06c,0.8325083833525319
SPAC959.07,0.6158145118766004
SPAC977.12,0.750515966740095
SPAC977.14c,0.7923075945070134
SPAC9E9.04,0.709303633630208
SPAC9E9.06c,0.5815316899361259
SPAC9E9.09c,0.670917394298111
SPAC9E9.11,0.7151425871268172
SPAC9G1.03c,0.6127925324192263
SPAC9G1.04,0.2092704830578064
SPAC9G1.05,0.2568637670757359
SPAC9G1.06c,0.9317731279769472
SPAC9G1.12,0.7142358987014803
SPACUNK4.06c,0.43700415898766315
SPACUNK4.07c,0.3577053138951364
SPACUNK4.12c,0.7596314347604463
SPACUNK4.14,0.8220449307033695
SPACUNK4.17,0.9025732980888149
SPAP11E10.01,0.8174123792756193
SPAP19A11.05c,0.8857057305159778
SPAP27G11.02,0.180752538364337
SPAP27G11.05c,0.7028425092022321
SPAP27G11.06c,0.6592686164689353
SPAP27G11.09c,0.7900947645389155
SPAP27G11.10c,0.4166101009993759
SPAP27G11.13c,0.6216697099674793
SPAP32A8.02,0.9048810994790832
SPAP8A3.11c,0.7477793018625505
SPAP8A3.12c,0.6038430694378031
SPAPB17E12.13,0.7032514256716332
SPAPB1A10.09,0.428419798381461
SPAPB1A10.12c,0.15034473718175553
SPAPB1A10.13,0.7737950130618687
SPAPB1E7.02c,0.07000251112860677
SPAPB1E7.03,0.6053950870849034
SPAPB1E7.05,0.08232534641542029
SPAPB1E7.07,0.9095066623034743
SPAPB1E7.10,-0.18501367252915182
SPAPB21F2.02,0.6517303670230541
SPAPB24D3.08c,0.6423334408492327
SPAPB24D3.10c,0.17421301080837104
SPAPB2B4.01c,0.5999132144390771
SPAPB2B4.02,0.4928450824173826
SPAPB2B4.04c,-0.6340175479946791
SPAPB2B4.07,0.5228254140657626
SPAPB8E5.03,0.7897157159820459
SPAPB8E5.09,0.22248666919249926
SPAPJ698.02c,0.7050425069232094
SPAPYUG7.06,0.8768507967679683
SPAPYUK71.03c,-0.4370847899869568
SPBC106.10,0.5732929171302218
SPBC106.14c,0.6601006123597059
SPBC106.18,0.623691922859806
SPBC106.19,-0.15134516044147145
SPBC1105.03c,0.42511676209859295
SPBC1105.05,0.23820633479020542
SPBC1105.07c,0.2816902286710783
SPBC119.03,0.687792094106298
SPBC119.05c,0.6649276223381541
SPBC119.06,0.8334267410008903
SPBC119.08,0.8899238124037544
SPBC119.12,0.6662372600481238
SPBC1198.01,0.954235690709174
SPBC1198.14c,0.6056985593828164
SPBC11B10.01,0.7708714216868799
SPBC11B10.04c,-0.3406056865678871
SPBC11C11.02,0.3080975254484239
SPBC11C11.03,0.8393108704057394
SPBC11C11.04c,0.40064917411913614
SPBC11C11.07,0.6517770459616948
SPBC11C11.10,0.7927064059161141
SPBC11G11.01,0.9092393781906541
SPBC1271.14,0.2861122517796903
SPBC1289.01c,0.39080694251667164
SPBC1289.02c,0.640374656743072
SPBC1289.04c,0.6809898798686587
SPBC1289.05c,0.6839800178038988
SPBC1289.11,0.6524081669376804
SPBC1289.16c,0.6326896000590083
SPBC12C2.03c,0.9309938868500419
SPBC12C2.04,0.558917531262086
SPBC12C2.07c,0.5528372272746294
SPBC12C2.10c,0.8446632616455566
SPBC12C2.11,0.4932827160942757
SPBC12C2.12c,0.4916355504651364
SPBC1347.03,0.9346580910374159
SPBC1347.04,0.5357547000088875
SPBC1347.06c,0.46118658523186246
SPBC1347.07,0.934032176320539
SPBC1347.09,0.9652930273541295
SPBC13E7.07,0.8786998698766438
SPBC13E7.08c,0.8733073069204514
SPBC13G1.01c,0.8177237861891267
SPBC13G1.04c,0.7724952910019128
SPBC13G1.08c,0.2469694300731662
SPBC13G1.10c,0.7785222065119617
SPBC146.03c,0.8595737593506064
SPBC146.07,0.6920820231947157
SPBC146.10,0.6262269981123
SPBC146.12,-0.223907458649966
SPBC146.13c,0.6940544430430731
SPBC14C8.03,0.6854758753822816
SPBC14C8.05c,0.9435531634995524
SPBC14C8.10,0.40676219560484117
SPBC14C8.12,0.7157448292864018
SPBC14C8.14c,-0.06693667796015544
SPBC14C8.16c,0.4262968063349433
SPBC14F5.03c,0.7729024186305073
SPBC14F5.05c,0.47274352697160066
SPBC14F5.06,0.4909868905745983
SPBC14F5.07,0.6871259131033245
SPBC14F5.08,0.5427369279207537
SPBC14F5.11c,0.5601940811492168
SPBC1539.01c,0.6531568392157907
SPBC1539.02,0.7853252617462375
SPBC1539.03c,0.8831189382443277
SPBC1539.04,0.7608828552437176
SPBC1539.08,0.8608381601671595
SPBC15C4.01c,0.4735480032591259
SPBC15D4.01c,0.8678837539211772
SPBC15D4.03,0.704084890655934
SPBC15D4.05,0.8034050997883828
SPBC15D4.09c,0.5614008597253142
SPBC15D4.15,0.8317317357980483
SPBC1604.01,0.8671554212294661
SPBC1604.03c,0.5575884150332449
SPBC1604.06c,0.7135366993502813
SPBC1604.18c,0.6349210296861443
SPBC1677.03c,0.9165163256328952
SPBC1683.07,0.7517090144066164
SPBC1685.01,0.7794535200071658
SPBC1685.05,0.7899746006590745
SPBC1685.06,0.8647068165450239
SPBC1685.09,0.47214964184766417
SPBC1685.14c,0.7768785958546253
SPBC1685.15c,0.851889379314356
SPBC16A3.05c,0.6726012670490109
SPBC16A3.08c,0.4826273653509202
SPBC16A3.12c,-0.4164875574617265
SPBC16A3.13,0.8902391796213348
SPBC16A3.14,0.13164072218970482
SPBC16A3.15c,0.854550976620333
SPBC16C6.11,0.6604658740062981
SPBC16C6.12c,0.6588783708311227
SPBC16D10.03,0.6394769275935804
SPBC16D10.05,0.7154622778247969
SPBC16D10.10,0.8567423642182673
SPBC16E9.06c,0.5136901529715753
SPBC16E9.13,0.049771058795136866
SPBC16E9.14c,0.5233200541912651
SPBC16E9.15,0.8531047792540933
SPBC16E9.16c,0.7391765890514229
SPBC16E9.18,-0.5519462255447969
SPBC16G5.02c,0.19740732909681408
SPBC16G5.05c,0.8207086538266908
SPBC16G5.11c,0.5493111197122964
SPBC16G5.14c,0.7100070635157745
SPBC16G5.15c,0.8524659132867607
SPBC16H5.02,0.7378996987342743
SPBC16H5.03c,0.5913750052587403
SPBC16H5.04,0.5400535147024463
SPBC16H5.13,0.8529497285872173
SPBC1703.11,0.6028620800069286
SPBC1703.13c,0.8164250572940266
SPBC1709.02c,0.2058784904227792
SPBC1709.03,0.39312337904599104
SPBC1709.05,0.7598079209342455
SPBC1709.11c,0.8936182807133929
SPBC1709.13c,0.7594702375266078
SPBC1709.15c,0.87483395698915
SPBC1711.03,0.49590855683068574
SPBC1711.06,0.6658884781273171
SPBC1711.10c,0.8495641676691175
SPBC1711.12,0.9254527525980702
SPBC1711.13,0.6716989175339577
SPBC1734.03,-0.030030892176642208
SPBC1734.16c,0.7230998578872203
SPBC1773.02c,0.5862224057119467
SPBC1773.03c,0.5751763686172462
SPBC1773.05c,0.3085719304787642
SPBC1773.06c,0.9411712861948023
SPBC1773.09c,0.6769036809753765
SPBC1773.10c,0.8004396433746592
SPBC1773.11c,0.7612205929708682
SPBC1773.14,0.6052529367221221
SPBC1773.17c,0.8378193517962166
SPBC1778.01c,0.7656355126880161
SPBC1778.03c,0.6398365712124093
SPBC1778.05c,0.7206124288660314
SPBC1778.06c,0.5669275237486737
SPBC1778.07,0.13705402419327875
SPBC1778.08c,0.3521601718509507
SPBC1778.10c,0.617563403837922
SPBC17A3.04c,0.2025920786832011
SPBC17A3.08,0.483002984480341
SPBC17D11.05,0.760617786716524
SPBC17G9.02c,0.30070156394657965
SPBC17G9.09,0.6153956323194048
SPBC17G9.11c,0.4476129733670744
SPBC1826.01c,0.7353877059383291
SPBC1861.05,0.8048896945499915
SPBC1861.09,0.7246221488260294
SPBC18E5.04,0.7114579052450258
SPBC18E5.05c,0.8087268045752726
SPBC18E5.06,0.7120493040691503
SPBC18E5.07,0.3075754699993843
SPBC18E5.11c,0.7151962120493076
SPBC18E5.12c,0.09610075883436711
SPBC18E5.13,0.6117267693019598
SPBC18H10.02,0.05438973031134029
SPBC18H10.08c,0.7967985350414073
SPBC18H10.12c,0.6810495031436391
SPBC18H10.17c,0.8560226021578605
SPBC18H10.19,0.5494719937237542
SPBC1921.01c,0.8615878581206774
SPBC1921.05,0.7257273218208775
SPBC19C2.07,0.24836670754349965
SPBC19C2.10,0.678177537013907
SPBC19C2.12,0.5607738259496141
SPBC19C2.14,0.6567437514132805
SPBC19C7.01,0.9303642216436843
SPBC19C7.02,0.5932179514630482
SPBC19C7.03,0.3714773617078341
SPBC19C7.06,0.5774318440986057
SPBC19C7.12c,0.8802071286151059
SPBC19F5.03,0.4727907164871255
SPBC19F8.07,0.7127517924245926
SPBC19G7.10c,0.7923761343385168
SPBC19G7.17,0.5763313944174763
SPBC1A4.02c,0.8551603041159578
SPBC1A4.05,0.9528593858090307
SPBC1A4.06c,0.6805601323546023
SPBC1D7.01,-0.17102442490711295
SPBC20F10.04c,0.5885116675569118
SPBC20F10.07,0.36349591518987984
SPBC211.01,-0.48023952608600723
SPBC211.04c,0.8737138102925599
SPBC211.07c,0.26009419158246777
SPBC215.05,0.890306228326227
SPBC215.11c,0.79495497999752
SPBC215.14c,0.8618681001807101
SPBC216.02,0.7790484862574797
SPBC216.03,0.5475032893042886
SPBC216.04c,0.9467752643114083
SPBC216.06c,0.8784437410379743
SPBC21B10.05c,0.7415065715219933
SPBC21B10.10,0.6418699155388758
SPBC21C3.07c,0.8411495376500796
SPBC21C3.08c,-0.4722146905200283
SPBC21C3.09c,-0.42641439796987435
SPBC21C3.13,0.7489727775524588
SPBC21C3.18,0.9770354383347599
SPBC21C3.19,0.9649984917945608
SPBC21D10.08c,0.8934870038173391
SPBC21D10.09c,-0.01501446612966521
SPBC21H7.03c,0.568416279546509
SPBC23E6.03c,0.875998655313253
SPBC23G7.05,0.6028820320653342
SPBC23G7.07c,0.7740826096764669
SPBC23G7.15c,0.7257133168515786
SPBC23G7.16,0.7925332949807862
SPBC24C6.06,0.9259687101544841
SPBC25B2.07c,0.8383275132878183
SPBC25B2.09c,0.8445618738165173
SPBC25D12.03c,0.5267850114140397
SPBC25H2.02,0.44899712009686643
SPBC25H2.05,0.6514391227818733
SPBC25H2.07,0.4511690131932791
SPBC25H2.11c,0.4143287482246922
SPBC25H2.15,0.05612549957582407
SPBC25H2.16c,0.5372433050383173
SPBC26H8.01,0.735488851786244
SPBC26H8.02c,0.7465592657759955
SPBC26H8.03,0.7391988398715468
SPBC26H8.07c,0.738699303149334
SPBC26H8.10,0.5044421052459741
SPBC27.03,0.770610879487257
SPBC27.08c,0.790234489502946
SPBC27B12.14,0.6033585556145745
SPBC28E12.02,0.9931179006507437
SPBC28F2.02,0.2855328791848834
SPBC28F2.04c,0.5544102880527885
SPBC29A10.01,0.2547433908150221
SPBC29A10.02,0.8842212539354126
SPBC29A10.07,0.6081078319352529
SPBC29A10.08,0.09592001452702573
SPBC29A10.10c,0.3247777925333667
SPBC29A3.02c,0.8579333543969029
SPBC29A3.03c,0.6667924105214603
SPBC29A3.04,0.7825923680768193
SPBC29A3.12,0.537124503067123
SPBC29A3.15c,0.7929487704814514
SPBC29B5.01,0.9337523218064142
SPBC29B5.03c,0.6655107556170844
SPBC2A9.06c,0.8458706270096328
SPBC2A9.11c,0.3704614147509004
SPBC2D10.05,0.31566042686484275
SPBC2D10.14c,0.9028302919953073
SPBC2D10.15c,0.33579277934886764
SPBC2D10.18,0.6501131337721033
SPBC2F12.04,0.7383914109145462
SPBC2F12.05c,0.19595998315149246
SPBC2F12.12c,0.573720802514663
SPBC2F12.13,0.8538560362681561
SPBC2G2.02,0.5317740618294347
SPBC2G2.04c,0.7338695640742811
SPBC2G2.06c,0.8670334042083339
SPBC2G2.08,0.476676965849879
SPBC30D10.10c,0.7920249174909493
SPBC30D10.14,0.7616601724543759
SPBC30D10.16,0.5074677854630004
SPBC30D10.17c,0.8266972271335763
SPBC30D10.18c,0.9424040821769096
SPBC31A8.01c,0.5566120456829854
SPBC31E1.02c,0.5396861222808433
SPBC31E1.04,0.8087466621318105
SPBC31F10.07,0.5505929407229712
SPBC31F10.12,0.6058045061274465
SPBC31F10.14c,0.9233853586712211
SPBC32C12.02,0.8733117145906557
SPBC32F12.01c,0.36140620183975225
SPBC32F12.03c,0.9158840375630254
SPBC32F12.10,0.7461739269098192
SPBC32F12.11,0.46814770924572346
SPBC32F12.12c,0.8099594872659757
SPBC32H8.03,0.007638114885425976
SPBC32H8.07,0.7531354727471347
SPBC336.04,0.8857047974573995
SPBC336.10c,0.5429160734872177
SPBC337.07c,0.6885080640299596
SPBC337.13c,0.748026411264662
SPBC342.03,0.8451459843085513
SPBC354.04,0.241361290957712
SPBC354.15,-0.008092518492846685
SPBC36.04,0.8953997739673092
SPBC36.05c,0.6455043783350317
SPBC365.12c,0.7371798355004568
SPBC365.20c,0.8085156741802765
SPBC36B7.02,0.8045849489381057
SPBC36B7.08c,0.3609775335224735
SPBC3B8.02,0.8584362433473789
SPBC3B8.04c,0.7804236604221628
SPBC3B8.07c,0.5133398597455314
SPBC3B9.01,0.2367451975491504
SPBC3B9.07c,0.867462896649342
SPBC3B9.13c,0.7574878435015164
SPBC3B9.18c,0.7442313897767853
SPBC3D6.02,0.9247851925244976
SPBC3D6.13c,0.8247070675876725
SPBC3E7.01,-0.207861086737431
SPBC3E7.02c,0.7987981849965707
SPBC3E7.09,0.4173522320437323
SPBC3E7.10,0.9346761407126154
SPBC3E7.15c,0.651632209629176
SPBC3E7.16c,0.5160065782332515
SPBC3F6.03,0.7743509667325209
SPBC3F6.04c,0.5509412868175224
SPBC3H7.03c,0.6261612368522173
SPBC3H7.06c,0.9407415620042241
SPBC3H7.09,0.7874452489026929
SPBC3H7.15,0.7741397196055083
SPBC405.04c,0.6853814167977211
SPBC405.06,0.751071053044395
SPBC409.05,0.670609431500897
SPBC409.10,-0.22014097937615057
SPBC409.13,0.31953798534451827
SPBC409.19c,0.7048416445427466
SPBC409.20c,0.7355420924376218
SPBC418.01c,-0.20075031471470292
SPBC428.01c,0.7446118767082196
SPBC428.02c,0.8664882112659034
SPBC428.04,0.7422709919026165
SPBC428.05c,0.7414345897696897
SPBC428.07,0.9600916306062679
SPBC428.19c,0.3597152876765312
SPBC4B4.02c,0.7259346454945188
SPBC4B4.08,0.07442680325703986
SPBC4C3.04c,0.5123709609762065
SPBC4C3.08,0.7228930022881024
SPBC4F6.04,0.6599509733777652
SPBC4F6.05c,0.316217112074534
SPBC4F6.06,0.8647026615978428
SPBC530.01,0.7530258783722847
SPBC530.13,0.5707290040424654
SPBC530.14c,0.6081574701852962
SPBC543.02c,0.8519999817234165
SPBC557.03c,0.8815173774726032
SPBC557.05,0.8655219176884347
SPBC56F2.02,0.6910340446520818
SPBC56F2.04,0.6556454377001784
SPBC56F2.06,0.8807164664468873
SPBC56F2.07c,0.5041859739727775
SPBC56F2.10c,0.9030303053374413
SPBC56F2.11,0.5292472444620849
SPBC56F2.12,0.7986896888839061
SPBC577.03c,0.5902483735857319
SPBC577.06c,0.8523802097802503
SPBC577.11,-0.6451556313777825
SPBC609.01,0.8598407386843236
SPBC646.03,0.4720769390527639
SPBC646.04,0.7806716837315746
SPBC646.06c,0.718624544318663
SPBC649.02,0.6740250979187982
SPBC649.03,0.6094926912897283
SPBC651.06,0.7562267664003461
SPBC660.12c,0.9352155976718077
SPBC685.06,0.7082100730780143
SPBC685.07c,0.6233344476816419
SPBC691.03c,0.7857497630824172
SPBC691.05c,-0.09831507044160641
SPBC713.03,-0.3779677626178221
SPBC713.12,-0.27129210340584947
SPBC725.02,0.7877703715230615
SPBC725.03,0.7058168580140861
SPBC725.04,0.5485848099516818
SPBC725.10,0.5728771634982119
SPBC725.14,-0.6405683498968336
SPBC725.15,0.3321421871750727
SPBC776.03,0.7780671340639658
SPBC776.09,0.8520297274747339
SPBC776.11,0.7002046337845474
SPBC800.04c,0.7077389189402091
SPBC800.05c,0.7216009597044383
SPBC800.07c,0.5367001118985725
SPBC83.02c,0.5941131191319033
SPBC83.05,-0.3850681029238952
SPBC83.08,0.5769548601329717
SPBC83.11,0.838566787384196
SPBC839.05c,0.6959933768386543
SPBC839.06,0.8987456696902039
SPBC839.08c,0.5943723438052367
SPBC839.12,0.44444600372339294
SPBC839.13c,0.6209556104513058
SPBC839.16,0.5880639317153659
SPBC887.02,0.7648924179404816
SPBC887.03c,0.7065556490543273
SPBC887.12,0.49825544910287245
SPBC8D2.01,0.8309792091327974
SPBC8D2.02c,0.48114957039646933
SPBC8D2.06,-0.30781751228302634
SPBC8D2.07c,0.029441885998009933
SPBC8D2.10c,0.5104313631559507
SPBC8D2.17,0.7988537219431492
SPBC8D2.19,0.8202024341556489
SPBC8E4.01c,0.9228194061456166
SPBC947.11c,-0.3212055705746027
SPBC947.13,0.7607871895189956
SPBC9B6.06,0.21024638973381052
SPBC9B6.09c,0.6355012491065979
SPBC9B6.11c,-0.0981995784878184
SPBP16F5.03c,0.8248949511848662
SPBP16F5.08c,0.5787995043876236
SPBP19A11.04c,0.21004566831602703
SPBP22H7.07,0.23578438046562036
SPBP23A10.14c,0.8254252980732167
SPBP35G2.02,0.3720229985992172
SPBP35G2.05c,0.7631827335960465
SPBP35G2.12,0.9292197285241969
SPBP4H10.05c,0.5050894412056877
SPBP4H10.06c,0.8328767155816892
SPBP4H10.08,0.6208363654305185
SPBP4H10.15,0.5327961011344396
SPBP4H10.16c,0.8762426730660557
SPBP4H10.17c,0.8082663665167255
SPBP4H10.20,0.9330947942813892
SPBP8B7.02,0.9297599583375765
SPBP8B7.03c,0.6615549524747645
SPBP8B7.05c,0.8062393561223319
SPBP8B7.06,0.2605825551870935
SPBP8B7.09c,0.4652081159664939
SPBP8B7.21,0.4368429643794177
SPBP8B7.24c,0.8559675826688942
SPBP8B7.26,0.5356152730824676
SPBP8B7.31,0.7132287808671768
SPBPB2B2.13,0.13685578063144657
SPCC1020.01c,0.875819513567119
SPCC1020.10,0.26637190771871916
SPCC1020.13c,0.5621132755023266
SPCC1183.02,0.8034803433022193
SPCC1183.08c,0.7613599462011138
SPCC11E10.01,0.5902324929567052
SPCC11E10.05c,0.7180509609813949
SPCC11E10.09c,0.7355143161125693
SPCC1223.03c,0.5373424776508245
SPCC1223.05c,0.6543056975305911
SPCC1223.08c,0.8212093115929211
SPCC1223.10c,0.6606350679180417
SPCC1223.12c,0.7600467428582729
SPCC1235.01,-0.04025714613486259
SPCC1235.13,0.7987421949826596
SPCC1259.02c,0.7405362692436709
SPCC1259.09c,0.39063250665075805
SPCC1259.12c,0.6772452119538827
SPCC1259.14c,0.9139682072280694
SPCC126.11c,0.4447191527800301
SPCC126.15c,0.8055764653085514
SPCC1281.01,0.552977380160369
SPCC1281.02c,0.8087527049453871
SPCC1281.03c,-0.08720102604867679
SPCC1281.07c,0.9347934343887735
SPCC132.04c,0.8294533360923833
SPCC1322.04,0.5782446517255551
SPCC1322.05c,0.635251457441868
SPCC1322.06,0.15679473446684106
SPCC1322.09,0.9001649454066316
SPCC1322.16,0.5749272654801099
SPCC1393.03,0.753478877549074
SPCC1393.12,0.8436795281115289
SPCC1442.04c,0.6939152074102223
SPCC1442.05c,0.8072365406748001
SPCC1442.14c,0.7549102094306331
SPCC1450.02,0.31816685790291904
SPCC1450.04,0.3141552040659265
SPCC1450.07c,0.7307344364499399
SPCC1450.11c,0.8196821710387204
SPCC1450.13c,0.8568123282331009
SPCC1494.07,0.862021610515178
SPCC162.05,0.8392462935578158
SPCC162.06c,0.6281162106378373
SPCC162.09c,0.5728868134226266
SPCC162.10,0.8412008106202298
SPCC162.11c,0.771376162794505
SPCC1620.01c,0.26694360037569603
SPCC1620.06c,0.8841351215272952
SPCC1620.07c,0.8916387780686863
SPCC1620.08,0.4808012701205081
SPCC1620.11,0.8899866484958329
SPCC1620.12c,0.8117751157632986
SPCC1672.02c,0.6423552671100047
SPCC1672.05c,0.7613950149469265
SPCC1672.08c,-0.0003960897087188573
SPCC1672.09,0.9323339742389166
SPCC1672.11c,0.731926584311783
SPCC1682.03c,0.9188103878768596
SPCC1682.08c,0.7519397893409541
SPCC1682.14,0.6437591786042706
SPCC1682.15,0.6912897956881985
SPCC16A11.08,0.7763881862120586
SPCC16A11.15c,0.9436268984708543
SPCC16C4.10,0.8484455352220877
SPCC16C4.11,0.9279166254932011
SPCC16C4.16c,0.7215724174376532
SPCC1739.01,0.3756793918878035
SPCC1739.02c,0.6165591670812443
SPCC1739.04c,0.57572400001967
SPCC1739.10,0.7994783415397073
SPCC1739.12,0.7008546281569892
SPCC1753.01c,0.8492618407067588
SPCC1753.05,0.20105980346634258
SPCC1795.03,-0.15657314650612184
SPCC1795.11,0.25260232109787417
SPCC18.03,0.575375694203083
SPCC18.04,0.8460965115440804
SPCC18.13,0.7473080341865421
SPCC18.14c,0.5395431251077064
SPCC1827.02c,0.7128889123000807
SPCC1827.06c,0.7333407755509974
SPCC1840.01c,0.3423350994660829
SPCC1840.02c,0.5171983754276286
SPCC1840.03,0.3590586725637383
SPCC1840.10,0.7197022222977778
SPCC188.03,0.8942095578827278
SPCC188.12,0.9157157526701999
SPCC18B5.01c,0.5663986605398601
SPCC18B5.05c,0.3776409592763137
SPCC18B5.06,0.3463855195697808
SPCC18B5.10c,0.4690449090935945
SPCC1902.02,0.9149091426755805
SPCC1906.01,0.16470337399174392
SPCC191.01,0.9225384311355698
SPCC191.07,0.7130396499015575
SPCC191.11,-0.2857298953167775
SPCC1919.08c,-0.5983547503826417
SPCC23B6.05c,0.4820586013883296
SPCC24B10.09,0.7146509820555035
SPCC24B10.11c,-0.0034002566687944716
SPCC24B10.16c,0.9469787282788447
SPCC24B10.17,0.6754397353993947
SPCC24B10.21,0.4186317580145252
SPCC285.03,0.6014738329103362
SPCC285.05,0.5912971939041795
SPCC285.09c,0.882134187796559
SPCC285.10c,0.6462570081825844
SPCC285.16c,0.726842634280536
SPCC285.17,0.41934167454041443
SPCC297.03,0.7892180737672461
SPCC306.02c,0.8910709229413636
SPCC306.03c,0.9091724801113568
SPCC31H12.08c,0.791362251074271
SPCC320.07c,0.9803885016022369
SPCC330.03c,0.8058919040327303
SPCC330.04c,0.7855815409064597
SPCC330.05c,-0.7806643952837027
SPCC330.08,0.6364715660192646
SPCC338.04,0.5620417191979674
SPCC338.06c,0.8255827019839598
SPCC338.12,0.03180524101148369
SPCC364.03,0.7985870188883447
SPCC364.07,0.24089128720635541
SPCC417.05c,0.7509786907592877
SPCC417.07c,0.5305275043073614
SPCC417.08,0.7273380155574375
SPCC4E9.01c,0.45703092161641307
SPCC4F11.02,0.8304552314565703
SPCC4G3.02,0.26298235829388505
SPCC4G3.04c,0.6230967775919939
SPCC4G3.06c,0.8406252759043259
SPCC4G3.08,0.5238396818363339
SPCC4G3.11,0.43754624246205504
SPCC4G3.14,0.6380636918445464
SPCC4G3.15c,0.4850672158714521
SPCC4G3.18,0.18261283099297956
SPCC548.04,0.5574528757657597
SPCC550.06c,0.6543197299808291
SPCC550.14,0.7771419873060323
SPCC553.02,0.5224171630332434
SPCC553.09c,0.656675959443768
SPCC569.05c,0.8794364695529975
SPCC569.06,0.7875449314701443
SPCC576.09,0.5990360987154782
SPCC584.04,-0.19630775822062313
SPCC584.11c,0.7765422808605904
SPCC594.01,0.07333402581404035
SPCC594.02c,0.5916005955207848
SPCC594.04c,0.7794724089692161
SPCC594.06c,0.8839386510824593
SPCC5E4.03c,0.5783032805679581
SPCC5E4.05c,0.8966640833395565
SPCC5E4.07,0.6998390417811451
SPCC61.01c,0.7617745554834403
SPCC61.03,0.7039148049107783
SPCC613.05c,0.7076539104525312
SPCC613.06,0.806654815957865
SPCC622.09,0.7129660002917043
SPCC622.14,0.7818734075774406
SPCC622.18,0.7087158679382521
SPCC63.03,0.6535088699006922
SPCC63.04,0.7078598491211705
SPCC63.05,0.8845235812081611
SPCC63.07,0.31999998826735426
SPCC63.14,0.7335460384625588
SPCC663.03,0.6930821584085334
SPCC663.04,0.7111692890833903
SPCC663.05c,-0.5848604576094892
SPCC663.13c,0.7614837335107909
SPCC70.02c,0.7078600737947945
SPCC70.03c,0.7725875152028502
SPCC70.05c,-0.07307581251626859
SPCC736.06,0.6291722376402167
SPCC736.11,0.6914247366550293
SPCC737.03c,0.7306508955560147
SPCC737.08,0.8168729868602425
SPCC737.09c,0.7328879774506069
SPCC74.03c,0.6658526084481254
SPCC74.05,0.6480961614554154
SPCC74.09,0.9061617217401089
SPCC757.03c,0.9578032450397652
SPCC757.07c,0.6096664157276785
SPCC757.10,0.38130745940961147
SPCC777.05,0.6675598302731559
SPCC777.10c,-0.6557172730615343
SPCC777.15,-0.2074588108347758
SPCC825.02,0.01165948400597809
SPCC825.03c,0.6674076366717212
SPCC830.03,0.6604246983108231
SPCC830.06,0.632693876464768
SPCC830.08c,0.9056483440189653
SPCC830.10,0.7151550039215985
SPCC895.03c,0.7073878395119279
SPCC895.04c,0.8400677580275198
SPCC895.05,0.9366608936590044
SPCC895.07,0.6610725809480865
SPCC962.02c,0.9184016026341201
SPCC962.03c,0.885177582172577
SPCC962.04,0.05383127512279397
SPCC965.03,0.7077210573530094
SPCC965.07c,0.6373906749097307
SPCC965.14c,0.6867776750854151
SPCC970.01,0.6836138369432742
SPCP1E11.09c,0.390304527266948
SPCP31B10.04,0.6863926318529411
SPCP31B10.06,-0.18811899474715127
SPCP31B10.08c,0.8782015084833049
SPCPB16A4.05c,0.5865140236849578
