SPAC1002.01,-0.14727996657617726
SPAC1002.02,0.5115672735528349
SPAC1002.07c,-0.1267244921431499
SPAC1002.09c,-0.5843643362488485
SPAC1002.12c,-0.26654547925983285
SPAC1006.04c,0.7026124736592321
SPAC105.02c,0.31346622986650635
SPAC1071.04c,-0.09129164437393149
SPAC1071.05,0.14496241694373443
SPAC1093.04c,0.05307335555838636
SPAC1093.06c,-0.1622131560514182
SPAC10F6.06,-0.7071112969787118
SPAC10F6.17c,0.5164131237574319
SPAC110.04c,-0.041482195719115746
SPAC1142.02c,-0.6789502350934755
SPAC1142.06,0.06981680153606458
SPAC1142.07c,0.5221632046324107
SPAC11D3.04c,-0.38407457926328287
SPAC11E3.01c,-0.15966515173370394
SPAC11E3.03,-0.5261290320009102
SPAC11E3.04c,-0.3449919060781272
SPAC11G7.02,0.5258430621992594
SPAC11G7.03,0.06260469288451301
SPAC1250.03,0.4960902388800921
SPAC1296.02,-0.4422612760775546
SPAC1296.06,-0.05701802002431603
SPAC12B10.01c,0.6552949910362604
SPAC12B10.13,0.5593002699987276
SPAC12G12.01c,0.022961471890173477
SPAC12G12.04,0.20241858737034069
SPAC12G12.11c,-0.44068304934349456
SPAC12G12.15,-0.5305596556446038
SPAC139.01c,0.24351650511141368
SPAC13A11.05,-0.468631877961261
SPAC13C5.01c,-0.8279081547441917
SPAC13C5.05c,0.580103554122623
SPAC13C5.07,-0.2190124996956927
SPAC13F5.01c,0.23212878287642416
SPAC13F5.06c,0.5253070220558905
SPAC13G6.03,0.3906869185887787
SPAC13G6.04,-0.4114746070101347
SPAC13G6.05c,-0.4465379954575615
SPAC13G6.06c,0.24788552015508805
SPAC13G6.09,-0.5802475181649653
SPAC13G6.10c,0.031940798929772425
SPAC13G7.02c,0.6131792785415696
SPAC13G7.03,-0.4174180234667608
SPAC13G7.12c,0.38549469213441684
SPAC140.01,-0.17872771271327806
SPAC1420.02c,0.40388579538200614
SPAC144.06,0.6300215217992655
SPAC144.08,0.1839455984849675
SPAC144.15c,-0.09269280272919583
SPAC144.17c,-0.37794157334840894
SPAC144.18,-0.2015185981448068
SPAC1486.03c,-0.32895723771911695
SPAC1486.08,-0.4461490587289143
SPAC14C4.04,-0.33531650255554274
SPAC1527.02,-0.45658685972616514
SPAC1556.01c,-0.3611128344902546
SPAC1556.02c,-0.4994542294677357
SPAC1556.03,0.005619227997295404
SPAC1556.08c,0.08446709168449476
SPAC1565.02c,0.2370943570778804
SPAC1565.07c,-0.059713695381233084
SPAC1565.08,0.09607455766751996
SPAC15A10.08,0.5535494919882573
SPAC15A10.11,-0.33868398016054985
SPAC15E1.04,-0.13965802749056408
SPAC15E1.05c,-0.0695893086819252
SPAC15F9.03c,-0.5682833357687012
SPAC1610.01,0.4470425393345809
SPAC1635.01,-0.5540410600792182
SPAC167.04,-0.4649750353301356
SPAC167.05,0.2358409242054436
SPAC167.07c,-0.3296071317005084
SPAC1687.03c,0.15669587790032874
SPAC1687.12c,0.29929723321271984
SPAC1687.13c,0.4844023040639227
SPAC16A10.02,-0.3901498319646893
SPAC16A10.03c,0.35527228210966033
SPAC16C9.06c,0.34237636762068685
SPAC16E8.07c,-0.49279133733847447
SPAC16E8.14c,-0.392739452431255
SPAC16E8.17c,0.11236721073299205
SPAC1751.03,-0.08700777456690172
SPAC1782.05,0.24034391658982168
SPAC1782.07,-0.8523110191139909
SPAC1783.02c,-0.6835162411924597
SPAC17A2.02c,0.06990921493434289
SPAC17A2.03c,-0.12175649986679574
SPAC17A2.08c,0.6335037501517055
SPAC17A2.13c,-0.6466508479922168
SPAC17A5.02c,-0.1460056043998989
SPAC17A5.08,0.18454141476305141
SPAC17A5.09c,0.5765190487301567
SPAC17C9.01c,0.5608948324599424
SPAC17C9.06,-0.18164426724574478
SPAC17C9.07,0.30041242902281423
SPAC17C9.08,-0.128979597335943
SPAC17C9.09c,-0.8332027376021729
SPAC17C9.10,-0.3925358387748447
SPAC17D4.03c,0.41723185987394973
SPAC17D4.04,-0.2628783823854983
SPAC17G6.04c,0.009163634452112478
SPAC17G6.05c,0.4896296551564024
SPAC17G6.08,0.2663346758730915
SPAC17G6.09,-0.3194602602537804
SPAC17G6.12,0.022976116019299345
SPAC17G8.03c,-0.4229922941982053
SPAC17G8.07,0.4467010141171784
SPAC17H9.07,0.4304371892761615
SPAC17H9.09c,0.13533487168446792
SPAC17H9.10c,0.5603300546386315
SPAC17H9.14c,0.321287120135645
SPAC1805.02c,-0.5226243245222251
SPAC1805.08,-0.62902589122614
SPAC1805.17,-0.09014885459853936
SPAC1834.01,0.5546126631527857
SPAC1834.10c,-0.7601535066882221
SPAC1834.11c,-0.14059115783477127
SPAC18B11.11,-0.20320997646697
SPAC18G6.03,0.1441656945459329
SPAC18G6.10,0.010560402651009212
SPAC1952.09c,0.40557189270810656
SPAC19A8.05c,0.4518709772920216
SPAC19A8.06,0.5106435383272749
SPAC19A8.11c,-0.06661617578753162
SPAC19B12.05c,-0.19737242201697072
SPAC19B12.09,-0.19945271705171227
SPAC19B12.10,0.46700306049896834
SPAC19G12.01c,0.2372992812947532
SPAC19G12.04,0.04247882315123998
SPAC19G12.09,-0.19475102971014568
SPAC1A6.01c,-0.33547669845419936
SPAC1A6.02,0.0733337802695002
SPAC1A6.03c,-0.05214429087407215
SPAC1A6.04c,0.3966122074435956
SPAC1B1.03c,-0.3838496261877401
SPAC1B2.04,0.3442610006443502
SPAC1B3.01c,-0.32291316762192407
SPAC1B3.03c,0.19545662134140485
SPAC1D4.02c,-0.35669162864935544
SPAC1D4.06c,-0.12039950854173641
SPAC1D4.10,0.2593472668496031
SPAC1F12.02c,-0.06665533763554798
SPAC1F12.09,-0.6206417754248241
SPAC1F3.03,0.42761533744107
SPAC1F3.09,0.27177739108878624
SPAC1F3.10c,0.3227464161235499
SPAC1F5.02,0.10553351848694772
SPAC1F5.06,0.03593842612320681
SPAC1F5.10,-0.12809130726141776
SPAC1F7.04,-0.5144664133306726
SPAC1F7.09c,0.03838639214665074
SPAC1F8.01,0.04608702923973517
SPAC1F8.04c,0.14944526990636128
SPAC1F8.07c,0.14190033109520606
SPAC20G4.06c,-0.4783944942650687
SPAC20G4.08,0.3853988682098213
SPAC20G8.01,0.552040392371821
SPAC20H4.10,0.5250593014814087
SPAC20H4.11c,0.2688992745924564
SPAC21E11.07,-0.5122076479813468
SPAC222.07c,0.0550749966198275
SPAC222.12c,-0.8599662799238219
SPAC222.13c,-0.478463503130548
SPAC222.14c,0.5098736917095279
SPAC227.06,-0.8861824370611447
SPAC227.07c,0.288082183649241
SPAC227.10,-0.20881461596255663
SPAC227.11c,0.5095350439922244
SPAC227.14,0.41789105079283523
SPAC22A12.07c,-0.11211780258166631
SPAC22A12.08c,0.057895881485137635
SPAC22A12.10,-0.4688157907975138
SPAC22A12.11,-0.16599211742507847
SPAC22A12.15c,0.09945534931664671
SPAC22E12.03c,0.17708489183282763
SPAC22E12.05c,-0.1595484862666665
SPAC22E12.07,-0.4105567604140104
SPAC22E12.17c,0.10095763644729429
SPAC22F3.03c,0.34831714947694414
SPAC22F3.06c,-0.47600859930774436
SPAC22F3.07c,-0.7748991311070138
SPAC22F3.09c,0.08661060875721456
SPAC22F3.13,0.4628168377632204
SPAC22F8.05,0.5611380948652429
SPAC22F8.06,-0.6311619516475558
SPAC22F8.08,0.3037590045258781
SPAC22G7.01c,0.5972025408617186
SPAC22G7.04,0.5273903346961667
SPAC22H10.03c,-0.23728166591625438
SPAC22H10.08,-0.11935289925341566
SPAC22H10.10,-0.5111366003351399
SPAC22H12.01c,0.04591864833478019
SPAC22H12.02,-0.035274623197343334
SPAC22H12.03,-0.3172361470309157
SPAC23A1.02c,0.14371317698302172
SPAC23A1.12c,0.03151111161690859
SPAC23C11.05,-0.5882789908098558
SPAC23C4.09c,0.057312626139082994
SPAC23C4.11,-0.11151799055334458
SPAC23D3.02,0.36787062045138946
SPAC23D3.07,-0.41200564117917493
SPAC23D3.09,-0.39058795248841155
SPAC23D3.13c,0.16805895500680912
SPAC23E2.02,0.3270817380683479
SPAC23E2.03c,0.5485076920757271
SPAC23G3.11,0.17112085233821195
SPAC23H3.03c,-0.23982370329242444
SPAC23H3.06,0.27066274696038933
SPAC23H3.12c,-0.6343261105307847
SPAC23H3.13c,0.17788086303939699
SPAC23H4.03c,-0.3616455503050266
SPAC23H4.07c,0.586654246453397
SPAC23H4.08,0.31924111902805863
SPAC23H4.14,-0.4166232245939992
SPAC23H4.18c,0.18435757034479877
SPAC24B11.06c,0.14551330988607283
SPAC24B11.08c,-0.44829862645523155
SPAC24C9.06c,-0.6409057840700564
SPAC24H6.01c,0.31840907950784564
SPAC24H6.02c,-0.0011667300969812919
SPAC24H6.03,0.19817708050773927
SPAC25G10.09c,-0.49120139656909223
SPAC26A3.01,0.42938337897716333
SPAC26F1.03,-0.7077389048598342
SPAC26F1.06,-0.7503508853944747
SPAC26F1.07,-0.20863890404596866
SPAC26F1.09,0.5840149685113548
SPAC26H5.02c,-0.3714778604435834
SPAC26H5.09c,0.0952606610064051
SPAC27D7.06,-0.5585719766050085
SPAC27D7.07c,-0.22727897351247262
SPAC27E2.01,0.4080722092229644
SPAC27E2.06c,0.4656694781527195
SPAC27E2.10c,-0.5241159146401798
SPAC27F1.02c,-0.8086569375771018
SPAC27F1.03c,0.07632039039419979
SPAC27F1.04c,0.3650447976231116
SPAC27F1.07,0.17106180295560988
SPAC29A4.06c,0.46226055433342955
SPAC29A4.14c,0.29634740694392814
SPAC29A4.15,-0.16684840032687767
SPAC29B12.06c,-0.402162655236738
SPAC29B12.07,0.49645683508477656
SPAC29B12.11c,-0.4077210678736564
SPAC29E6.03c,-0.18860078588957532
SPAC29E6.06c,0.12985099068392095
SPAC2C4.03c,-0.4658802600748938
SPAC2C4.10c,-0.15164268494055674
SPAC2C4.15c,0.09877505688039247
SPAC2E1P5.03,-0.13959466054525926
SPAC2F3.02,-0.04301490382028794
SPAC2F3.04c,0.1647868551064421
SPAC2F3.06c,0.06836812604839322
SPAC2F3.13c,-0.14543524676490124
SPAC2F3.17c,-0.3319132059412713
SPAC2F7.02c,-0.282519172506274
SPAC2F7.04,-0.9126896825003843
SPAC2F7.13c,-0.3020476974198711
SPAC2G11.03c,0.3322456437391212
SPAC2G11.05c,-0.8422940167805905
SPAC2G11.06,-0.11838694663081607
SPAC2G11.09,0.46122613860354394
SPAC2G11.10c,0.009063663178246173
SPAC2H10.02c,-0.44067633896148756
SPAC30.01c,0.14196822879118393
SPAC30.03c,0.29936854572586097
SPAC30.04c,-0.5011780268605851
SPAC30C2.08,0.10503620316737163
SPAC30D11.08c,-0.03194892372582719
SPAC30D11.13,-0.1326049561322272
SPAC31A2.04c,0.29194268875498747
SPAC31A2.10,-0.19469207266045946
SPAC31A2.13c,-0.20485394370972565
SPAC31A2.14,0.1100610670852721
SPAC31A2.16,0.2507798224081603
SPAC31G5.05c,-0.5690140456211725
SPAC31G5.13,0.4789225721590218
SPAC31G5.16c,-0.4507451226654053
SPAC323.02c,-0.13490430263154443
SPAC328.03,0.3278494890281872
SPAC343.09,0.2565135804199999
SPAC343.17c,0.6095110254519494
SPAC3A11.04,0.41754018478401417
SPAC3A11.06,-0.3059815389137146
SPAC3A11.11c,-0.21071755073486756
SPAC3A12.02,0.07273834500344975
SPAC3A12.12,-0.10789967419209084
SPAC3A12.13c,0.1955587713140521
SPAC3A12.18,-0.5847817332847072
SPAC3C7.07c,-0.5558742733573504
SPAC3C7.10,-0.4899638755090441
SPAC3C7.11c,-0.03778476968948697
SPAC3F10.03,-0.7318592733374274
SPAC3F10.04,0.45616439691173377
SPAC3F10.09,0.0972771014097542
SPAC3G6.02,-0.6246091290274292
SPAC3G9.04,0.2507236645406999
SPAC3G9.06,-0.04019206223323871
SPAC3G9.13c,-0.11531178184128554
SPAC3G9.16c,-0.31539561810844524
SPAC3H1.02c,0.20298741063816694
SPAC3H1.05,0.25662832962606147
SPAC3H1.13,0.06496224721014482
SPAC3H5.08c,0.4043775276492989
SPAC3H5.09c,-0.37930370170240213
SPAC3H8.07c,-0.2595192921085478
SPAC458.06,0.2815399381013947
SPAC4A8.04,0.6159773750089735
SPAC4A8.05c,-0.7688855515355979
SPAC4A8.08c,-0.008288735638616965
SPAC4A8.10,-0.49063923790702413
SPAC4A8.12c,-0.34142150623187345
SPAC4A8.13c,-0.45862344262100246
SPAC4A8.15c,0.30432891928519695
SPAC4D7.01c,0.20057855878418804
SPAC4D7.02c,0.45605809676589554
SPAC4F10.02,0.22438231765195008
SPAC4F10.05c,-0.27140825234816923
SPAC4F10.20,0.13536006429189965
SPAC4F8.01,0.3045596098393943
SPAC4G8.02c,0.3760970809155031
SPAC4G9.13c,-0.11638651933749512
SPAC4G9.15,0.20663881062005682
SPAC4H3.01,-0.6047599114556335
SPAC4H3.06,-0.6431685821831351
SPAC4H3.07c,0.09359396667343421
SPAC56E4.04c,-0.8028497266304028
SPAC56F8.08,0.1901394199878589
SPAC56F8.11,-0.3222382387774818
SPAC57A10.09c,-0.22862876470912397
SPAC57A10.11c,0.40142568011691027
SPAC57A7.07c,0.28634254159790895
SPAC57A7.10c,-0.07860815047165515
SPAC57A7.11,0.11060390917115147
SPAC589.05c,-0.39611219654863056
SPAC589.09,0.38246157174087503
SPAC589.12,0.5697662657909737
SPAC5D6.06c,-0.20298047521852214
SPAC5D6.13,-0.45830919831104355
SPAC5H10.09c,0.32489645778017556
SPAC607.02c,0.47956069670238194
SPAC607.05,0.03274784871433786
SPAC607.06c,-0.4866450514391669
SPAC637.10c,-0.2816590962366861
SPAC644.04,-0.5833464201857148
SPAC644.07,0.03100282603449904
SPAC644.08,-0.709494718476231
SPAC644.11c,-0.5929373485014215
SPAC644.13c,-0.5417280669109461
SPAC644.18c,-0.8091518371221864
SPAC664.07c,-0.10299793562266843
SPAC664.11,-0.27442217346030356
SPAC664.15,0.28781208113643786
SPAC688.12c,0.11496886444647805
SPAC694.03,0.2663829816055846
SPAC694.04c,-0.4522191094271086
SPAC6C3.04,-0.6516949055030298
SPAC6C3.08,-0.01887472333309786
SPAC6F12.06,0.5119575911762644
SPAC6F12.07,-0.6546917550271777
SPAC6F12.08c,-0.8000386975644321
SPAC6F12.14,0.5105167465015159
SPAC6F12.15c,0.5931542996396516
SPAC6F6.15,0.3178560674723612
SPAC6G10.04c,-0.5121737334019726
SPAC6G10.05c,-0.22373861110423243
SPAC6G10.09,-0.13710049083873743
SPAC6G9.08,-0.23822990676004707
SPAC6G9.12,-0.55810510552913
SPAC732.02c,-0.11832039510387725
SPAC767.01c,0.3327243204867801
SPAC7D4.04,-0.3868061129075546
SPAC7D4.05,-0.2191493659272373
SPAC7D4.07c,-0.5656965537216879
SPAC7D4.11c,0.5091320262703942
SPAC821.10c,0.2411432467813565
SPAC823.05c,-0.48421107251033113
SPAC823.11,0.18756780413733276
SPAC823.12,0.1905228449382625
SPAC823.14,-0.7009774355055391
SPAC823.15,-0.77071520238108
SPAC824.04,0.14387899471047685
SPAC824.05,0.4106790234177579
SPAC824.08,-0.21123904149701564
SPAC824.09c,0.15897436321982467
SPAC890.04c,0.6331033658149644
SPAC890.07c,-0.3374772687170811
SPAC8C9.11,-0.3633542320369692
SPAC8E11.01c,0.2990399902125544
SPAC8E11.04c,-0.44107098111276927
SPAC8E11.07c,-0.4098353585816502
SPAC9.06c,0.0978356741004865
SPAC9.07c,-0.08921668353938805
SPAC926.04c,-0.026759199750848086
SPAC926.06c,-0.1494746910963291
SPAC926.07c,0.43083501420730247
SPAC959.02,0.31824941028813825
SPAC959.04c,-0.379284482915445
SPAC959.09c,0.5196707365609241
SPAC977.16c,-0.198420532893047
SPAC9E9.07c,0.225456046713336
SPAC9E9.13,-0.04905403128251512
SPAC9E9.14,0.6585044420996592
SPAC9G1.07,0.18149479866987428
SPAC9G1.10c,0.3491569031437261
SPACUNK4.10,0.14177236688667677
SPACUNK4.13c,-0.20193157536451517
SPACUNK4.15,0.34717742257150475
SPACUNK4.16c,-0.23355876356282787
SPAP14E8.03,0.550342083655007
SPAP14E8.04,-0.46599465175070875
SPAP27G11.03,0.3506420834926391
SPAP7G5.04c,-0.24619943469642203
SPAP8A3.03,0.029847052944653202
SPAP8A3.08,0.5936911713393519
SPAP8A3.09c,-0.20300987481830568
SPAPB17E12.03,0.422501813859692
SPAPB17E12.04c,-0.3360090608384905
SPAPB17E12.11,0.27234488900048964
SPAPB1A10.04c,-0.6348066531094404
SPAPB1A10.10c,0.03424003163807294
SPAPB1A10.11c,0.1400193141125127
SPAPB1E7.11c,-0.38695613447204674
SPAPB24D3.06c,0.0723146306231139
SPAPB2B4.06,-0.13280936118148487
SPAPB8E5.04c,0.3104106909688902
SPAPJ696.01c,-0.04077785374214949
SPAPJ760.02c,0.2759653994550325
SPAPYUG7.05,-0.2841049026571338
SPBC106.03,0.23175561247735849
SPBC106.05c,-0.11883416443879115
SPBC106.06,0.23796848359746275
SPBC106.09,0.5578058619209002
SPBC106.13,0.36339174494017645
SPBC106.15,-0.26894188703628347
SPBC106.16,-0.4869227799818609
SPBC1105.06,-0.5271423416852968
SPBC1105.09,-0.09156631727581395
SPBC115.02c,0.3989114284696761
SPBC115.03,0.3986568395277284
SPBC119.01,-0.025104471528250915
SPBC119.02,-0.7610361034672577
SPBC119.07,-0.13154025933750507
SPBC119.15,0.11869398272130667
SPBC119.16c,0.4744097219963996
SPBC119.17,0.15355239491117925
SPBC1198.05,-0.16802938125575115
SPBC1198.08,-0.28082026111271874
SPBC11B10.03,-0.009609227928683652
SPBC11B10.09,0.1073566031701841
SPBC11C11.06c,0.4349984933797114
SPBC11G11.04,0.19918073401138667
SPBC11G11.07,0.40071910033420854
SPBC1215.01,-0.36580173707658126
SPBC1215.02c,0.13208783554420434
SPBC1271.02,-0.3514997722945156
SPBC1271.03c,0.3186260455949684
SPBC1271.12,-0.35167333277690793
SPBC1289.03c,-0.2210108245791462
SPBC1289.08,-0.1252851192664011
SPBC12C2.08,-0.20739169060666163
SPBC12D12.01,0.30302006587190977
SPBC12D12.03,0.4303459415822719
SPBC12D12.05c,-0.0977912391945331
SPBC12D12.07c,-0.6534193599618062
SPBC1306.02,0.18344493335934844
SPBC1347.05c,-0.3832336881521173
SPBC13A2.01c,0.24103894025721226
SPBC13E7.04,0.13204144983238805
SPBC13E7.05,0.48787896336208386
SPBC13G1.02,-0.6529259785862376
SPBC13G1.03c,-0.43909577175639763
SPBC13G1.06c,-0.45985176016187135
SPBC13G1.11,0.5018565178004002
SPBC13G1.12,0.18825512961773547
SPBC146.09c,-0.008299106479403661
SPBC146.14c,0.08675665390136482
SPBC14C8.06,-0.4385364760461684
SPBC14C8.15,-0.5705242690166664
SPBC14C8.17c,0.6030292641241751
SPBC14F5.02,-0.09297447353433237
SPBC14F5.04c,0.3094358554741939
SPBC14F5.13c,-0.6731671215268246
SPBC1539.05,-0.07638168558497409
SPBC1539.06,-0.4261386298237214
SPBC1539.07c,-0.20223414764042036
SPBC15C4.02,0.20673648468446557
SPBC15D4.07c,0.23400475501412873
SPBC15D4.11c,0.3765221946099473
SPBC1604.04,-0.41304472517578933
SPBC1604.05,-0.47350781703513417
SPBC1604.07,0.2333024343311122
SPBC1604.08c,-0.09967218474113726
SPBC1604.11,-0.1283639635768137
SPBC1604.21c,-0.03816351635863187
SPBC1683.10c,-0.10963132226006479
SPBC1685.02c,0.5963501795295945
SPBC1685.03,-0.38469196092540453
SPBC1685.13,0.6978791241122869
SPBC16A3.09c,0.5278317857846306
SPBC16A3.10,-0.12440069112649346
SPBC16A3.16,-0.5931595990440905
SPBC16C6.02c,0.3859224132194801
SPBC16C6.05,0.10684302867289827
SPBC16C6.07c,-0.06901776519150084
SPBC16C6.08c,-0.3546542889541979
SPBC16C6.13c,0.20472563993619688
SPBC16D10.08c,0.19664410174537686
SPBC16E9.02c,-0.26644695693372383
SPBC16E9.09c,0.15942634905169875
SPBC16G5.01,0.04430779498077734
SPBC16H5.05c,0.24070021397547622
SPBC16H5.06,-0.6818141120211811
SPBC16H5.07c,0.2324315860676021
SPBC16H5.12c,0.13872964729130594
SPBC1703.08c,-0.19009115410692093
SPBC1703.10,-0.52025650866928
SPBC1703.14c,-0.22168534168713128
SPBC1703.15c,-0.10104585790938747
SPBC1706.03,0.5499496340911434
SPBC1709.04c,-0.6519101470869326
SPBC1709.09,-0.5340017886112596
SPBC1709.14,-0.37929272691839333
SPBC1709.16c,-0.32939453977108596
SPBC1709.18,0.3894909524959907
SPBC1709.19c,0.2239864873171112
SPBC1711.08,0.2003130781059904
SPBC1718.04,-0.21719736280013277
SPBC1718.05,-0.1338175065916729
SPBC1718.06,-0.3504442858573676
SPBC1734.07c,-0.7095293948740776
SPBC1734.08,-0.4533237422133161
SPBC1734.11,0.030999313073311788
SPBC1734.12c,0.3074877708384863
SPBC1734.13,-0.5916639077310594
SPBC1734.14c,-0.16127400769146147
SPBC1773.01,0.06944611219188919
SPBC1773.07c,-0.16388374447623774
SPBC17D11.01,0.454375801537379
SPBC17D11.03c,-0.35317632272279814
SPBC17D11.07c,0.08728279882127439
SPBC17D11.08,0.4740992128381512
SPBC17G9.06c,0.1532726692995312
SPBC17G9.08c,0.23725967452709965
SPBC17G9.12c,-0.08155926911463403
SPBC1815.01,-0.42479764411562004
SPBC1861.03,0.595694652416109
SPBC1861.04c,0.5188181441947691
SPBC1861.08c,-0.46310258477621136
SPBC18A7.01,0.3781605217160979
SPBC18E5.02c,0.4032326294683311
SPBC18E5.10,0.14294456589185925
SPBC18H10.11c,-0.41819569147284047
SPBC18H10.15,-0.04258278929202814
SPBC1921.02,0.30186990439079414
SPBC19C7.08c,0.046534889407879435
SPBC19F8.02,-0.055490327725868684
SPBC19G7.01c,-0.022177775542624432
SPBC19G7.02,0.06934991165781274
SPBC19G7.07c,0.4650732580761684
SPBC19G7.14c,0.030779684123201367
SPBC1A4.08c,0.1264266230642754
SPBC20F10.02c,-0.5626039202414608
SPBC20F10.08c,0.6158785750793064
SPBC20F10.09,-0.7138898919974858
SPBC21.04,-0.14024797614620077
SPBC211.03c,0.4571166362302528
SPBC215.02,-0.5909230103029761
SPBC215.10,-0.4545531301136438
SPBC215.12,0.12905892371160232
SPBC216.07c,-0.21620580043296342
SPBC21B10.02,0.2170186460776663
SPBC21B10.03c,0.2929572157123288
SPBC21B10.08c,-0.3510594270513744
SPBC21C3.01c,0.1877354686778947
SPBC21C3.10c,0.4727610781442575
SPBC21C3.11,0.01352783285697088
SPBC21C3.12c,-0.2071829826049518
SPBC21C3.14c,-0.09993299950355049
SPBC21C3.20c,0.4122093721031804
SPBC21D10.06c,-0.12920643204010016
SPBC21D10.11c,0.22260769490604249
SPBC23E6.10c,0.31680858184959537
SPBC23G7.12c,-0.4984964858725976
SPBC24C6.03,-0.5043257126254549
SPBC24C6.05,0.16428844789032365
SPBC24C6.11,-0.27772121671915617
SPBC25B2.06c,-0.14369022036395687
SPBC25B2.10,0.4097478946607264
SPBC25H2.03,-0.6078012315445906
SPBC25H2.06c,-0.3253402875142938
SPBC25H2.09,-0.046925645498507834
SPBC25H2.10c,0.04979297819686902
SPBC25H2.12c,0.27600434600639967
SPBC25H2.13c,0.3461533523182021
SPBC26H8.04c,-0.15662030075051198
SPBC27B12.06,0.5965789865684378
SPBC27B12.08,-0.4312147282428153
SPBC28E12.06c,-0.05882237680222459
SPBC28F2.03,-0.17515464282409376
SPBC29A10.11c,0.20661949761596912
SPBC29A10.12,-0.3198044783106478
SPBC29A10.13,-0.4598744602308994
SPBC29A10.16c,0.09528772779218082
SPBC29A3.07c,-0.3674724616061938
SPBC29A3.10c,0.2058431334638215
SPBC2A9.05c,-0.36371558001057624
SPBC2A9.08c,-0.5265198446204421
SPBC2A9.09,-0.3685535956673241
SPBC2D10.03c,-0.4086540752723391
SPBC2D10.09,0.31903389748559463
SPBC2D10.11c,-0.14604397002939656
SPBC2D10.12,0.17742457918595828
SPBC2D10.16,-0.2901788097909887
SPBC2G2.03c,0.01377877429373849
SPBC2G2.12,0.1302274535067897
SPBC2G2.16,-0.4399690350541417
SPBC2G5.04c,-0.0777589196787006
SPBC2G5.05,-0.3073768332423209
SPBC2G5.06c,-0.18571222876367127
SPBC30B4.05,0.38636526247670616
SPBC30D10.02,0.465923162301315
SPBC30D10.05c,-0.7470668731018201
SPBC30D10.06,-0.03354641603320684
SPBC30D10.07c,0.4854372780109361
SPBC30D10.08,0.28941512281447573
SPBC30D10.13c,-0.45720965532333324
SPBC31E1.01c,0.3010905351493794
SPBC31F10.04c,0.6229825199079984
SPBC31F10.06c,0.21646352387378998
SPBC31F10.13c,-0.11989406005896402
SPBC31F10.15c,0.5726592921148682
SPBC31F10.16,-0.36881419760521506
SPBC32F12.02,0.00521115633809674
SPBC32F12.04,0.4779127717957618
SPBC32F12.06,0.03194224463029798
SPBC32H8.12c,-0.33770541987114255
SPBC336.11,0.23482543938233968
SPBC337.03,-0.34195552209716124
SPBC337.05c,0.5436300030794613
SPBC337.09,0.038561826764453196
SPBC337.15c,0.00982112704666686
SPBC354.01,-0.3025999555372871
SPBC354.02c,0.11718961301038867
SPBC354.07c,0.16289572628898444
SPBC354.10,0.07553332358436037
SPBC354.12,-0.4139320797846263
SPBC354.14c,0.41994171597357133
SPBC359.06,-0.4295389231580497
SPBC36.08c,-0.4201893037999866
SPBC36.12c,-0.46365144389048857
SPBC365.01,-0.15395222922839397
SPBC365.06,0.6001696890541404
SPBC365.11,0.2482052687450152
SPBC365.13c,0.04900680440330889
SPBC365.14c,-0.7516084915571103
SPBC36B7.03,0.634441633747452
SPBC36B7.07,-0.541369866441948
SPBC3B8.01c,-0.32310465669858357
SPBC3B8.08,-0.4909541907071778
SPBC3B9.03,-0.1893975019140249
SPBC3B9.04,-0.35626807882587186
SPBC3B9.06c,0.39099221862201944
SPBC3B9.08c,-0.018844436485098832
SPBC3B9.10,-0.6892182035641099
SPBC3B9.12,-0.22255142408511605
SPBC3B9.17,0.4379579918709881
SPBC3B9.21,-0.72422232820924
SPBC3D6.08c,-0.2892090833863672
SPBC3E7.05c,0.2868683099997508
SPBC3E7.07c,0.03550761510931273
SPBC3E7.11c,-0.15926807141117696
SPBC3E7.14,-0.20306870631330712
SPBC3F6.01c,-0.4106622670112359
SPBC3F6.02c,-0.00896680140445581
SPBC4.06,-0.3663643415462285
SPBC4.07c,0.23220044610393026
SPBC409.06,0.19299096673708976
SPBC409.18,-0.254441409474871
SPBC428.03c,-0.4269495612920037
SPBC428.14,-0.1038031485471128
SPBC428.16c,-0.21714469257243468
SPBC4B4.01c,-0.23369080682441165
SPBC4B4.04,-0.30310475741098675
SPBC4C3.07,-0.06873666852225771
SPBC4C3.10c,-0.3358083346107148
SPBC4F6.10,-0.1801755293116836
SPBC4F6.15c,-0.1433462944022141
SPBC4F6.16c,-0.6374671405394979
SPBC4F6.17c,0.19609600310775133
SPBC4F6.18c,-0.5986450142893508
SPBC530.07c,-0.27631534154181747
SPBC530.10c,-0.36940583252475956
SPBC543.04,-0.17451833688486632
SPBC543.08,-0.08710247234292325
SPBC543.09,-0.19997103837409094
SPBC543.10,0.7102425305453897
SPBC577.08c,-0.33173609184127006
SPBC577.10,0.049795065991087656
SPBC577.12,0.563645524196094
SPBC577.15c,-0.1616846836897542
SPBC582.07c,0.07891713033893269
SPBC582.09,-0.815214551703194
SPBC646.02,0.17816011297374154
SPBC646.05c,-0.31189290027677874
SPBC646.07c,-0.24775779267328923
SPBC646.09c,-0.27666721261898547
SPBC646.11,0.17632788413136258
SPBC646.15c,-0.015205542276478981
SPBC651.02,-0.5160374113458851
SPBC651.11c,0.6406984066491962
SPBC660.07,0.05104908490551604
SPBC660.10,0.36286627092038554
SPBC660.11,0.6977010728200539
SPBC660.15,-0.14280399542565056
SPBC660.16,0.41887679055079574
SPBC691.02c,0.10308324588427335
SPBC6B1.05c,-0.18483125156998023
SPBC6B1.06c,0.5422057448072887
SPBC713.02c,-0.6485644512276255
SPBC713.09,0.6053829490561947
SPBC776.02c,-0.06770348152060815
SPBC776.04,0.2546176091619562
SPBC776.07,0.5493514794343772
SPBC776.10c,-0.07817724710362246
SPBC776.13,0.5894222678529781
SPBC776.14,-0.10760588175379264
SPBC776.15c,-0.4113119869859651
SPBC776.18c,-0.08567310936626252
SPBC800.03,-0.2142398376195622
SPBC800.09,-0.016148498734711008
SPBC800.12c,0.35741130240990937
SPBC800.14c,-0.33073892892835266
SPBC83.01,-0.5499567801787775
SPBC83.10,-0.43845156700161403
SPBC83.14c,-0.15137511369881135
SPBC83.17,0.2292441556264294
SPBC839.03c,0.3088017512493755
SPBC839.14c,-0.16929996427862964
SPBC839.17c,-0.3231972102538639
SPBC887.04c,0.07076749528164686
SPBC887.06c,-0.23966843118845987
SPBC887.11,0.5002902968874062
SPBC887.13c,-0.5019532881939547
SPBC8D2.09c,-0.11597208438447205
SPBC8D2.12c,-0.5346912586667603
SPBC8D2.14c,-0.37770790622972517
SPBC8D2.16c,-0.46315355894697485
SPBC8D2.18c,-0.40107575085004604
SPBC8D2.20c,-0.025931236806191676
SPBC8E4.04,-0.5672707894709071
SPBC902.05c,-0.37117501325327723
SPBC947.02,0.3409706792693082
SPBC947.14c,-0.0731598838436391
SPBC947.15c,0.14699142032295387
SPBC9B6.04c,-0.6748093010545916
SPBC9B6.05c,-0.5788100644071297
SPBC9B6.08,0.49018108265786153
SPBP16F5.04,0.15988534555694728
SPBP16F5.05c,0.34722573795311135
SPBP16F5.07,-0.5609555288341143
SPBP18G5.02,-0.7184586851952041
SPBP19A11.01,0.47497868580652886
SPBP19A11.03c,0.2759014847101871
SPBP22H7.06,-0.13705273951518906
SPBP23A10.04,0.4279788516636617
SPBP23A10.06,-0.13627288437903542
SPBP23A10.10,-0.5557994418702488
SPBP23A10.15c,-0.7445691958968527
SPBP23A10.16,-0.02186992004895135
SPBP4H10.04,0.47688301556621265
SPBP4H10.11c,-0.35420859177386405
SPBP4H10.12,-0.049575636982110025
SPBP4H10.19c,0.0024159994821521006
SPBP8B7.07c,-0.4158751251356661
SPBP8B7.08c,-0.4388733734759845
SPBP8B7.18c,-0.19116767539084728
SPBP8B7.19,0.07181124879378752
SPBP8B7.25,-0.49200191318671077
SPBP8B7.29,0.4150611800048201
SPBPB2B2.06c,-0.3910120256938358
SPBPJ4664.04,-0.15057935261086602
SPBPJ4664.06,-0.2711261268179805
SPCC1020.03,0.526944687411316
SPCC1020.06c,0.1837087216543583
SPCC1183.01,0.22854263181406329
SPCC1183.03c,-0.2841232227703163
SPCC11E10.02c,-0.427857471805785
SPCC11E10.07c,0.13488368730849062
SPCC1223.02,0.7242342248498213
SPCC1223.07c,-0.6662374780082533
SPCC1223.11,0.42591040838215877
SPCC1235.09,-0.34234487109405426
SPCC1235.10c,-0.20484670736538105
SPCC1235.14,-0.009144432063941612
SPCC1235.15,0.02105129800173536
SPCC1259.05c,-0.2649822606701145
SPCC1259.15c,0.6112781208986916
SPCC126.06,-0.6911638938589354
SPCC126.08c,0.18783321378816925
SPCC126.10,-0.3043650443061584
SPCC126.12,0.06329903186316302
SPCC132.01c,0.46677021756588677
SPCC132.02,0.1131661056731409
SPCC1322.01,0.15748608793867983
SPCC1393.07c,0.5492071851897375
SPCC1393.09c,-0.3936657003085441
SPCC1393.13,0.3465573698500206
SPCC13B11.01,-0.4001702028348161
SPCC1442.06,-0.41440252883500256
SPCC1442.08c,-0.5493510036793327
SPCC1442.16c,-0.6181001367863289
SPCC1442.17c,-0.49318701471472665
SPCC1450.12,0.22950918709663987
SPCC1450.14c,0.28977618082121387
SPCC1450.15,0.2729057674305407
SPCC1494.04c,-0.4296596451348768
SPCC1494.05c,-0.438090917639771
SPCC14G10.01,-0.6864187707731394
SPCC14G10.03c,0.22220353401814494
SPCC162.02c,0.6541992194793045
SPCC162.03,-0.0645656036992034
SPCC1620.05,-0.8097217223595866
SPCC1672.04c,0.06738939904893768
SPCC1672.06c,0.24718486874061055
SPCC1672.10,0.25909238600294
SPCC1672.12c,0.14350327565970325
SPCC1682.01,-0.8997412464769176
SPCC1682.04,0.054287289449758344
SPCC1682.05c,0.6329597484021969
SPCC1682.10,-0.019344240954680913
SPCC1682.16,-0.14027012543067172
SPCC16A11.03c,0.2338400576646809
SPCC16A11.16c,0.414417939861166
SPCC16C4.01,0.29209830750399357
SPCC16C4.04,0.1898746945601113
SPCC16C4.12,0.24628042946249154
SPCC1739.08c,0.5464408538020954
SPCC1739.09c,0.15848527618546498
SPCC1739.13,0.2105829886381132
SPCC1753.04,-0.09487341397851203
SPCC1795.04c,-0.6997453690366661
SPCC18.06c,0.24382810220436948
SPCC18.08,-0.6378315038550038
SPCC18.15,-0.576621050331055
SPCC18.18c,-0.6617206247484638
SPCC1827.04,0.07272806590951517
SPCC1840.04,-0.3449525271510849
SPCC1840.05c,0.11890186714169335
SPCC1840.06,-0.31450043335888317
SPCC1840.09,0.4774351183827352
SPCC188.02,0.1996679546656069
SPCC188.06c,0.3382199419680179
SPCC188.07,0.6376186585785227
SPCC188.08c,0.20901687100377306
SPCC18B5.11c,-0.21833956030394058
SPCC1919.01,0.29362827087870247
SPCC1919.02,-0.3394116089545394
SPCC1919.03c,0.17996732555772135
SPCC1919.05,-0.2202938287627746
SPCC1919.10c,-0.3318894743151263
SPCC23B6.01c,-0.08644660187409997
SPCC23B6.04c,-0.5192038007368585
SPCC24B10.05,-0.7030744101124066
SPCC24B10.15,0.08947759913482722
SPCC285.08,0.05935430437527845
SPCC285.12,-0.6351276909639438
SPCC285.14,0.6963575783097624
SPCC290.03c,0.3553484155321743
SPCC306.05c,0.34063251256961935
SPCC306.08c,-0.30285265494699043
SPCC306.09c,-0.2976308014599163
SPCC31H12.05c,-0.053633575010005166
SPCC31H12.07,0.1394996532919194
SPCC320.04c,-0.06017350526095071
SPCC320.10,-0.10441711413318372
SPCC338.05c,-0.4554488231292129
SPCC338.07c,0.351334183627515
SPCC338.10c,-0.00195246345828349
SPCC338.13,0.13053951323553126
SPCC338.14,-0.07070130617656781
SPCC338.15,-0.621351742010468
SPCC364.04c,-0.28532142627261453
SPCC364.05,-0.4361726280769485
SPCC364.06,-0.5947668451551296
SPCC4B3.01,-0.8172168388721229
SPCC4B3.04c,0.2147783198136626
SPCC4B3.16,-0.32874187520217674
SPCC4B3.17,0.29675782253606053
SPCC4B3.18,-0.424596699190454
SPCC548.07c,0.6745629873975323
SPCC550.03c,0.02585998229641095
SPCC553.03,-0.3513150936571269
SPCC553.06,0.252443034354456
SPCC553.08c,-0.0005057463816771961
SPCC569.07,0.06574206562977739
SPCC576.03c,0.5083121238298172
SPCC576.06c,-0.3419030836406215
SPCC576.07,0.10159265335640856
SPCC576.10c,-0.031224700797144227
SPCC576.13,0.38253249630065056
SPCC576.14,-0.20850619507295667
SPCC576.15c,0.12193690651581618
SPCC584.03c,0.2381269152453543
SPCC61.04c,-0.0809888464941074
SPCC613.04c,-0.3386829204869154
SPCC613.08,0.020785867155923704
SPCC613.10,-0.7854881720559832
SPCC613.11c,0.3510203322010743
SPCC622.10c,0.12866690597614547
SPCC622.15c,-0.38593257445763096
SPCC63.12c,0.16879812293586413
SPCC645.02,0.1395175004555378
SPCC645.08c,-0.41552869801295866
SPCC645.10,-0.04189840263146745
SPCC645.14c,0.09227186973161154
SPCC663.01c,-0.17686943448820847
SPCC663.09c,-0.18563993643017687
SPCC663.15c,0.2806691157127174
SPCC70.07c,0.3946157910659984
SPCC736.03c,-0.24256131305846115
SPCC736.13,0.5817108119494814
SPCC736.15,0.38858846762008264
SPCC737.02c,-0.019457888307119735
SPCC737.06c,0.10244027930236178
SPCC74.01,0.22129355210797486
SPCC777.06c,-0.2535195385502225
SPCC777.13,-0.2075435741201144
SPCC790.02,0.13043720098705108
SPCC794.01c,0.14858909787584743
SPCC794.07,-0.06279222944115027
SPCC794.10,0.1572012241897141
SPCC825.01,-0.0054422686981127465
SPCC830.07c,0.23916358777050656
SPCC830.09c,-0.3941546929455301
SPCC830.11c,-0.2131092080964222
SPCC895.09c,-0.05517423372797811
SPCC970.03,0.03201663098024996
SPCC970.09,-0.20194858725964693
SPCP1E11.06,-0.06839904874599122
SPCP1E11.10,-0.15173459040070034
SPCPB16A4.04c,0.2540165697640282
SPCPJ732.02c,0.43440532666913406
